﻿<?xml version="1.0" encoding="utf-8" ?>
<Counts>
    <photographerscount>6,213</photographerscount>
    <photocount>467,984</photocount>
    <taxacount>183,591</taxacount>
    <crittercount>3,163,810</crittercount>
    <glossarycount>227,060</glossarycount>
    <SoundsCount>160,168</SoundsCount>
    <BirdInfoCount>102,204</BirdInfoCount>
    <BirdFinderCount>4,753</BirdFinderCount>
    <PlantInfoCount>2,636,218</PlantInfoCount>
    <PlantFinderCount>266,490</PlantFinderCount>
    <StateMapsCount>306,311</StateMapsCount>
    <CountryMapCount>1,375,803</CountryMapCount>
    <GoogleMapCount>468,959</GoogleMapCount>
    <LargePhotoCount>250,698</LargePhotoCount>
    <CuratorsCount>8</CuratorsCount>
    <animalcount>1,488,650</animalcount>
    <archaeacount>296</archaeacount>
    <plantcount>1,423,693</plantcount>
    <Chromalveolatacount>0</Chromalveolatacount>
    <chromistacount>16,052</chromistacount>
    <protozoacount>17,015</protozoacount>
    <bacteriacount>16,360</bacteriacount>
    <fungicount>199,175</fungicount>
    <viruscount>2,325</viruscount>
    <birdcount>58,520</birdcount>
    <asof>August 30, 2014</asof>
    <photosize>197.9 gigabytes</photosize>
    <largephotosize>206.0 gigabytes</largephotosize>
    <dbsize>13.5 gigabytes</dbsize>
    <birdcount>58,520</birdcount>
    <ObservationsCount>249,201,562</ObservationsCount>
</Counts>